X,CH1,CH2,Start,Increment,
0,-7.20e+00,-1.36e-01,
1,-7.36e+00,-1.28e-01,
2,-7.28e+00,-1.32e-01,
3,-7.20e+00,-1.36e-01,
4,-7.20e+00,-1.32e-01,
5,-7.36e+00,-1.40e-01,
6,-7.20e+00,-1.32e-01,
7,-7.36e+00,-1.40e-01,
8,-7.20e+00,-1.40e-01,
9,-7.36e+00,-1.32e-01,
10,-7.20e+00,-1.40e-01,
11,-7.36e+00,-1.32e-01,
12,-7.20e+00,-1.32e-01,
13,-7.36e+00,-1.40e-01,
14,-7.20e+00,-1.32e-01,
15,-7.36e+00,-1.36e-01,
16,-7.20e+00,-1.36e-01,
17,-7.36e+00,-1.28e-01,
18,-7.20e+00,-1.28e-01,
19,-7.36e+00,-1.36e-01,
20,-7.20e+00,-1.36e-01,
21,-7.36e+00,-1.28e-01,
22,-7.20e+00,-1.28e-01,
23,-7.36e+00,-1.36e-01,
24,-7.20e+00,-1.32e-01,
25,-7.36e+00,-1.28e-01,
26,-7.20e+00,-1.32e-01,
27,-7.36e+00,-1.28e-01,
28,-7.20e+00,-1.32e-01,
29,-7.36e+00,-1.28e-01,
30,-7.20e+00,-1.28e-01,
31,-7.36e+00,-1.36e-01,
32,-7.36e+00,-1.28e-01,
33,-7.20e+00,-1.36e-01,
34,-7.20e+00,-1.28e-01,
35,-7.36e+00,-1.36e-01,
36,-7.20e+00,-1.32e-01,
37,-7.36e+00,-1.28e-01,
38,-7.20e+00,-1.28e-01,
39,-7.36e+00,-1.36e-01,
40,-7.28e+00,-1.32e-01,
41,-7.20e+00,-1.36e-01,
42,-7.20e+00,-1.32e-01,
43,-7.36e+00,-1.40e-01,
44,-7.20e+00,-1.32e-01,
45,-7.36e+00,-1.40e-01,
46,-7.20e+00,-1.40e-01,
47,-7.36e+00,-1.32e-01,
48,-7.36e+00,-1.32e-01,
49,-7.20e+00,-1.40e-01,
50,-7.20e+00,-1.40e-01,
51,-7.36e+00,-1.32e-01,
52,-7.36e+00,-1.32e-01,
53,-7.20e+00,-1.40e-01,
54,-7.20e+00,-1.32e-01,
55,-7.36e+00,-1.40e-01,
56,-7.20e+00,-1.36e-01,
57,-7.36e+00,-1.32e-01,
58,-7.20e+00,-1.36e-01,
59,-7.36e+00,-1.28e-01,
60,-7.28e+00,-1.28e-01,
61,-7.20e+00,-1.36e-01,
62,-7.20e+00,-1.28e-01,
63,-7.36e+00,-1.36e-01,
64,-7.20e+00,-1.36e-01,
65,-7.36e+00,-1.28e-01,
66,-7.20e+00,-1.36e-01,
67,-7.36e+00,-1.28e-01,
68,-7.36e+00,-1.28e-01,
69,-7.20e+00,-1.36e-01,
70,-7.20e+00,-1.36e-01,
71,-7.36e+00,-1.28e-01,
72,-7.20e+00,-1.36e-01,
73,-7.36e+00,-1.28e-01,
74,-7.20e+00,-1.28e-01,
75,-7.36e+00,-1.36e-01,
76,-7.20e+00,-1.28e-01,
77,-7.36e+00,-1.36e-01,
78,-7.28e+00,-1.36e-01,
79,-7.20e+00,-1.28e-01,
80,-7.28e+00,-1.32e-01,
81,-7.20e+00,-1.40e-01,
82,-7.20e+00,-1.40e-01,
83,-7.36e+00,-1.32e-01,
84,-7.36e+00,-1.32e-01,
85,-7.20e+00,-1.40e-01,
86,-7.20e+00,-1.32e-01,
87,-7.36e+00,-1.40e-01,
88,-7.20e+00,-1.32e-01,
89,-7.36e+00,-1.40e-01,
90,-7.20e+00,-1.32e-01,
91,-7.36e+00,-1.40e-01,
92,-7.36e+00,-1.32e-01,
93,-7.20e+00,-1.40e-01,
94,-7.36e+00,-1.32e-01,
95,-7.20e+00,-1.40e-01,
96,-7.20e+00,-1.40e-01,
97,-7.36e+00,-1.32e-01,
98,-7.28e+00,-1.32e-01,
99,-7.20e+00,-1.36e-01,
100,-7.20e+00,-1.36e-01,
101,-7.36e+00,-1.28e-01,
102,-7.20e+00,-1.28e-01,
103,-7.36e+00,-1.36e-01,
104,-7.20e+00,-1.28e-01,
105,-7.36e+00,-1.36e-01,
106,-7.36e+00,-1.28e-01,
107,-7.20e+00,-1.36e-01,
108,-7.20e+00,-1.36e-01,
109,-7.36e+00,-1.28e-01,
110,-7.20e+00,-1.36e-01,
111,-7.36e+00,-1.28e-01,
112,-7.20e+00,-1.28e-01,
113,-7.36e+00,-1.32e-01,
114,-7.28e+00,-1.28e-01,
115,-7.20e+00,-1.36e-01,
116,-7.20e+00,-1.32e-01,
117,-7.36e+00,-1.36e-01,
118,-7.20e+00,-1.32e-01,
119,-7.36e+00,-1.40e-01,
120,-7.20e+00,-1.40e-01,
121,-7.36e+00,-1.32e-01,
122,-7.20e+00,-1.40e-01,
123,-7.36e+00,-1.32e-01,
124,-7.20e+00,-1.32e-01,
125,-7.36e+00,-1.40e-01,
126,-7.20e+00,-1.40e-01,
127,-7.36e+00,-1.32e-01,
128,-7.20e+00,-1.40e-01,
129,-7.36e+00,-1.32e-01,
130,-7.20e+00,-1.32e-01,
131,-7.36e+00,-1.40e-01,
132,-7.36e+00,-1.32e-01,
133,-7.20e+00,-1.40e-01,
134,-7.20e+00,-1.40e-01,
135,-7.36e+00,-1.32e-01,
136,-7.20e+00,-1.32e-01,
137,-7.36e+00,-1.40e-01,
138,-7.28e+00,-1.40e-01,
139,-7.20e+00,-1.32e-01,
140,-7.20e+00,-1.32e-01,
141,-7.36e+00,-1.36e-01,
142,-7.20e+00,-1.36e-01,
143,-7.36e+00,-1.28e-01,
144,-7.20e+00,-1.28e-01,
145,-7.36e+00,-1.36e-01,
146,-7.20e+00,-1.28e-01,
147,-7.36e+00,-1.32e-01,
148,-7.20e+00,-1.28e-01,
149,-7.36e+00,-1.32e-01,
150,-7.20e+00,-1.28e-01,
151,-7.36e+00,-1.32e-01,
152,-7.20e+00,-1.28e-01,
153,-7.36e+00,-1.36e-01,
154,-7.20e+00,-1.32e-01,
155,-7.36e+00,-1.36e-01,
156,-7.28e+00,-1.32e-01,
157,-7.20e+00,-1.40e-01,
158,-7.28e+00,-1.40e-01,
159,-7.20e+00,-1.32e-01,
160,-7.20e+00,-1.40e-01,
161,-7.36e+00,-1.32e-01,
162,-7.20e+00,-1.32e-01,
163,-7.36e+00,-1.40e-01,
164,-7.28e+00,-1.36e-01,
165,-7.20e+00,-1.40e-01,
166,-7.20e+00,-1.36e-01,
167,-7.36e+00,-1.40e-01,
168,-7.20e+00,-1.36e-01,
169,-7.36e+00,-1.44e-01,
170,-7.36e+00,-1.36e-01,
171,-7.20e+00,-1.44e-01,
172,-7.20e+00,-1.40e-01,
173,-7.36e+00,-1.32e-01,
174,-7.20e+00,-1.40e-01,
175,-7.36e+00,-1.32e-01,
176,-7.20e+00,-1.32e-01,
177,-7.36e+00,-1.40e-01,
178,-7.28e+00,-1.40e-01,
179,-7.20e+00,-1.32e-01,
180,-7.20e+00,-1.32e-01,
181,-7.28e+00,-1.40e-01,
182,-7.20e+00,-1.36e-01,
183,-7.36e+00,-1.28e-01,
184,-7.20e+00,-1.36e-01,
185,-7.36e+00,-1.28e-01,
186,-7.20e+00,-1.28e-01,
187,-7.36e+00,-1.36e-01,
188,-7.20e+00,-1.28e-01,
189,-7.36e+00,-1.36e-01,
190,-7.20e+00,-1.36e-01,
191,-7.36e+00,-1.28e-01,
192,-7.36e+00,-1.28e-01,
193,-7.20e+00,-1.36e-01,
194,-7.20e+00,-1.32e-01,
195,-7.36e+00,-1.40e-01,
196,-7.20e+00,-1.40e-01,
197,-7.36e+00,-1.32e-01,
198,-7.20e+00,-1.32e-01,
199,-7.36e+00,-1.40e-01,
200,-7.28e+00,-1.32e-01,
201,-7.20e+00,-1.40e-01,
202,-7.28e+00,-1.40e-01,
203,-7.20e+00,-1.32e-01,
204,-7.20e+00,-1.36e-01,
205,-7.36e+00,-1.44e-01,
206,-7.20e+00,-1.36e-01,
207,-7.36e+00,-1.44e-01,
208,-7.20e+00,-1.36e-01,
209,-7.36e+00,-1.44e-01,
210,-7.20e+00,-1.44e-01,
211,-7.36e+00,-1.36e-01,
212,-7.20e+00,-1.36e-01,
213,-7.36e+00,-1.44e-01,
214,-7.28e+00,-1.40e-01,
215,-7.20e+00,-1.32e-01,
216,-7.28e+00,-1.40e-01,
217,-7.20e+00,-1.32e-01,
218,-7.20e+00,-1.32e-01,
219,-7.36e+00,-1.40e-01,
220,-7.20e+00,-1.40e-01,
221,-7.28e+00,-1.32e-01,
222,-7.20e+00,-1.36e-01,
223,-7.36e+00,-1.28e-01,
224,-7.20e+00,-1.36e-01,
225,-7.36e+00,-1.28e-01,
226,-7.20e+00,-1.28e-01,
227,-7.36e+00,-1.36e-01,
228,-7.20e+00,-1.36e-01,
229,-7.36e+00,-1.28e-01,
230,-7.20e+00,-1.28e-01,
231,-7.36e+00,-1.36e-01,
232,-7.20e+00,-1.28e-01,
233,-7.36e+00,-1.36e-01,
234,-7.28e+00,-1.32e-01,
235,-7.20e+00,-1.40e-01,
236,-7.20e+00,-1.32e-01,
237,-7.36e+00,-1.40e-01,
238,-7.28e+00,-1.32e-01,
239,-7.20e+00,-1.40e-01,
240,-7.28e+00,-1.32e-01,
241,-7.20e+00,-1.40e-01,
242,-7.20e+00,-1.36e-01,
243,-7.36e+00,-1.44e-01,
244,-7.20e+00,-1.36e-01,
245,-7.36e+00,-1.44e-01,
246,-7.20e+00,-1.36e-01,
247,-7.36e+00,-1.44e-01,
248,-7.20e+00,-1.36e-01,
249,-7.36e+00,-1.44e-01,
250,-7.20e+00,-1.36e-01,
251,-7.36e+00,-1.44e-01,
252,-7.36e+00,-1.36e-01,
253,-7.20e+00,-1.44e-01,
254,-7.28e+00,-1.40e-01,
255,-7.20e+00,-1.32e-01,
256,-7.28e+00,-1.32e-01,
257,-7.20e+00,-1.40e-01,
258,-7.20e+00,-1.40e-01,
259,-7.36e+00,-1.32e-01,
260,-7.20e+00,-1.40e-01,
261,-7.28e+00,-1.32e-01,
262,-7.20e+00,-1.36e-01,
263,-7.36e+00,-1.32e-01,
264,-7.20e+00,-1.36e-01,
265,-7.36e+00,-1.28e-01,
266,-7.20e+00,-1.36e-01,
267,-7.36e+00,-1.28e-01,
268,-7.20e+00,-1.36e-01,
269,-7.36e+00,-1.28e-01,
270,-7.20e+00,-1.36e-01,
271,-7.36e+00,-1.28e-01,
272,-7.36e+00,-1.32e-01,
273,-7.20e+00,-1.36e-01,
274,-7.20e+00,-1.32e-01,
275,-7.28e+00,-1.40e-01,
276,-7.28e+00,-1.40e-01,
277,-7.20e+00,-1.32e-01,
278,-7.28e+00,-1.32e-01,
279,-7.20e+00,-1.40e-01,
280,-7.28e+00,-1.32e-01,
281,-7.20e+00,-1.40e-01,
282,-7.20e+00,-1.36e-01,
283,-7.36e+00,-1.44e-01,
284,-7.20e+00,-1.44e-01,
285,-7.36e+00,-1.36e-01,
286,-7.20e+00,-1.44e-01,
287,-7.36e+00,-1.36e-01,
288,-7.36e+00,-1.44e-01,
289,-7.20e+00,-1.36e-01,
290,-7.20e+00,-1.44e-01,
291,-7.36e+00,-1.36e-01,
292,-7.20e+00,-1.36e-01,
293,-7.36e+00,-1.44e-01,
294,-7.20e+00,-1.40e-01,
295,-7.36e+00,-1.32e-01,
296,-7.28e+00,-1.40e-01,
297,-7.20e+00,-1.32e-01,
298,-7.28e+00,-1.32e-01,
299,-7.20e+00,-1.40e-01,
300,-7.28e+00,-1.40e-01,
301,-7.20e+00,-1.32e-01,
302,-7.20e+00,-1.36e-01,
303,-7.36e+00,-1.28e-01,
304,-7.20e+00,-1.28e-01,
305,-7.36e+00,-1.36e-01,
306,-7.20e+00,-1.28e-01,
307,-7.36e+00,-1.36e-01,
308,-7.20e+00,-1.28e-01,
309,-7.36e+00,-1.36e-01,
310,-7.20e+00,-1.36e-01,
311,-7.36e+00,-1.28e-01,
312,-7.20e+00,-1.36e-01,
313,-7.36e+00,-1.28e-01,
314,-7.20e+00,-1.32e-01,
315,-7.28e+00,-1.40e-01,
316,-7.20e+00,-1.32e-01,
317,-7.28e+00,-1.40e-01,
318,-7.28e+00,-1.32e-01,
319,-7.20e+00,-1.40e-01,
320,-7.28e+00,-1.36e-01,
321,-7.20e+00,-1.44e-01,
322,-7.20e+00,-1.36e-01,
323,-7.28e+00,-1.44e-01,
324,-7.20e+00,-1.36e-01,
325,-7.28e+00,-1.44e-01,
326,-7.20e+00,-1.44e-01,
327,-7.36e+00,-1.36e-01,
328,-7.28e+00,-1.44e-01,
329,-7.20e+00,-1.36e-01,
330,-7.20e+00,-1.44e-01,
331,-7.36e+00,-1.36e-01,
332,-7.28e+00,-1.44e-01,
333,-7.20e+00,-1.36e-01,
334,-7.28e+00,-1.44e-01,
335,-7.20e+00,-1.32e-01,
336,-7.28e+00,-1.40e-01,
337,-7.20e+00,-1.32e-01,
338,-7.28e+00,-1.32e-01,
339,-7.20e+00,-1.40e-01,
340,-7.20e+00,-1.32e-01,
341,-7.28e+00,-1.40e-01,
342,-7.20e+00,-1.36e-01,
343,-7.36e+00,-1.28e-01,
344,-7.28e+00,-1.28e-01,
345,-7.20e+00,-1.36e-01,
346,-7.28e+00,-1.32e-01,
347,-7.20e+00,-1.28e-01,
348,-7.28e+00,-1.28e-01,
349,-7.20e+00,-1.36e-01,
350,-7.28e+00,-1.28e-01,
351,-7.20e+00,-1.36e-01,
352,-7.20e+00,-1.28e-01,
353,-7.28e+00,-1.36e-01,
354,-7.20e+00,-1.32e-01,
355,-7.28e+00,-1.40e-01,
356,-7.28e+00,-1.40e-01,
357,-7.20e+00,-1.32e-01,
358,-7.28e+00,-1.32e-01,
359,-7.20e+00,-1.40e-01,
360,-7.20e+00,-1.40e-01,
361,-7.28e+00,-1.32e-01,
362,-7.28e+00,-1.44e-01,
363,-7.20e+00,-1.36e-01,
364,-7.28e+00,-1.44e-01,
365,-7.20e+00,-1.36e-01,
366,-7.28e+00,-1.36e-01,
367,-7.20e+00,-1.44e-01,
368,-7.28e+00,-1.36e-01,
369,-7.20e+00,-1.44e-01,
370,-7.28e+00,-1.36e-01,
371,-7.12e+00,-1.44e-01,
372,-7.28e+00,-1.44e-01,
373,-7.20e+00,-1.36e-01,
374,-7.28e+00,-1.44e-01,
375,-7.20e+00,-1.32e-01,
376,-7.28e+00,-1.40e-01,
377,-7.20e+00,-1.32e-01,
378,-7.28e+00,-1.32e-01,
379,-7.20e+00,-1.40e-01,
380,-7.28e+00,-1.32e-01,
381,-7.20e+00,-1.40e-01,
382,-7.28e+00,-1.36e-01,
383,-7.12e+00,-1.28e-01,
384,-7.28e+00,-1.28e-01,
385,-7.20e+00,-1.36e-01,
386,-7.28e+00,-1.28e-01,
387,-7.12e+00,-1.36e-01,
388,-7.28e+00,-1.28e-01,
389,-7.12e+00,-1.36e-01,
390,-7.28e+00,-1.28e-01,
391,-7.12e+00,-1.36e-01,
392,-7.28e+00,-1.28e-01,
393,-7.12e+00,-1.36e-01,
394,-7.28e+00,-1.32e-01,
395,-7.20e+00,-1.40e-01,
396,-7.28e+00,-1.32e-01,
397,-7.12e+00,-1.40e-01,
398,-7.28e+00,-1.32e-01,
399,-7.12e+00,-1.40e-01,
400,-7.28e+00,-1.32e-01,
401,-7.12e+00,-1.44e-01,
402,-7.12e+00,-1.44e-01,
403,-7.28e+00,-1.36e-01,
404,-7.12e+00,-1.36e-01,
405,-7.28e+00,-1.44e-01,
406,-7.28e+00,-1.44e-01,
407,-7.12e+00,-1.36e-01,
408,-7.28e+00,-1.44e-01,
409,-7.12e+00,-1.36e-01,
410,-7.28e+00,-1.44e-01,
411,-7.12e+00,-1.36e-01,
412,-7.28e+00,-1.44e-01,
413,-7.12e+00,-1.36e-01,
414,-7.28e+00,-1.40e-01,
415,-7.12e+00,-1.32e-01,
416,-7.28e+00,-1.32e-01,
417,-7.12e+00,-1.40e-01,
418,-7.20e+00,-1.32e-01,
419,-7.28e+00,-1.40e-01,
420,-7.28e+00,-1.36e-01,
421,-7.12e+00,-1.28e-01,
422,-7.28e+00,-1.36e-01,
423,-7.12e+00,-1.28e-01,
424,-7.28e+00,-1.28e-01,
425,-7.12e+00,-1.36e-01,
426,-7.28e+00,-1.36e-01,
427,-7.12e+00,-1.28e-01,
428,-7.12e+00,-1.28e-01,
429,-7.28e+00,-1.36e-01,
430,-7.28e+00,-1.28e-01,
431,-7.12e+00,-1.36e-01,
432,-7.28e+00,-1.28e-01,
433,-7.12e+00,-1.36e-01,
434,-7.12e+00,-1.28e-01,
435,-7.28e+00,-1.40e-01,
436,-7.12e+00,-1.32e-01,
437,-7.28e+00,-1.40e-01,
438,-7.20e+00,-1.32e-01,
439,-7.12e+00,-1.40e-01,
440,-7.20e+00,-1.36e-01,
441,-7.12e+00,-1.44e-01,
442,-7.20e+00,-1.44e-01,
443,-7.12e+00,-1.36e-01,
444,-7.20e+00,-1.36e-01,
445,-7.12e+00,-1.44e-01,
446,-7.20e+00,-1.44e-01,
447,-7.12e+00,-1.36e-01,
448,-7.12e+00,-1.36e-01,
449,-7.20e+00,-1.44e-01,
450,-7.12e+00,-1.44e-01,
451,-7.20e+00,-1.36e-01,
452,-7.20e+00,-1.44e-01,
453,-7.12e+00,-1.36e-01,
454,-7.12e+00,-1.44e-01,
455,-7.20e+00,-1.36e-01,
456,-7.20e+00,-1.44e-01,
457,-7.12e+00,-1.36e-01,
458,-7.12e+00,-1.36e-01,
459,-7.20e+00,-1.44e-01,
460,-7.20e+00,-1.40e-01,
461,-7.04e+00,-1.32e-01,
462,-7.20e+00,-1.32e-01,
463,-7.04e+00,-1.40e-01,
464,-7.04e+00,-1.32e-01,
465,-7.20e+00,-1.40e-01,
466,-7.04e+00,-1.32e-01,
467,-7.20e+00,-1.40e-01,
468,-7.20e+00,-1.36e-01,
469,-7.04e+00,-1.44e-01,
470,-7.20e+00,-1.44e-01,
471,-7.04e+00,-1.36e-01,
472,-7.20e+00,-1.36e-01,
473,-7.04e+00,-1.44e-01,
474,-7.12e+00,-1.40e-01,
475,-7.04e+00,-1.48e-01,
476,-7.12e+00,-1.40e-01,
477,-7.04e+00,-1.52e-01,
478,-7.12e+00,-1.44e-01,
479,-7.04e+00,-1.52e-01,
480,-7.12e+00,-1.48e-01,
481,-7.04e+00,-1.56e-01,
482,-7.12e+00,-1.48e-01,
483,-6.96e+00,-1.56e-01,
484,-7.12e+00,-1.52e-01,
485,-6.96e+00,-1.60e-01,
486,-6.96e+00,-1.60e-01,
487,-7.12e+00,-1.52e-01,
488,-7.12e+00,-1.60e-01,
489,-6.96e+00,-1.52e-01,
490,-7.12e+00,-1.56e-01,
491,-6.96e+00,-1.64e-01,
492,-6.96e+00,-1.56e-01,
493,-7.12e+00,-1.64e-01,
494,-7.04e+00,-1.56e-01,
495,-6.96e+00,-1.64e-01,
496,-6.96e+00,-1.56e-01,
497,-7.04e+00,-1.64e-01,
498,-6.96e+00,-1.60e-01,
499,-7.04e+00,-1.52e-01,
500,-7.04e+00,-1.60e-01,
501,-6.96e+00,-1.52e-01,
502,-7.04e+00,-1.60e-01,
503,-6.88e+00,-1.52e-01,
504,-7.04e+00,-1.52e-01,
505,-6.88e+00,-1.64e-01,
506,-6.88e+00,-1.56e-01,
507,-7.04e+00,-1.64e-01,
508,-6.88e+00,-1.56e-01,
509,-7.04e+00,-1.64e-01,
510,-7.04e+00,-1.60e-01,
511,-6.88e+00,-1.68e-01,
512,-6.88e+00,-1.60e-01,
513,-6.96e+00,-1.72e-01,
514,-6.96e+00,-1.64e-01,
515,-6.88e+00,-1.80e-01,
516,-6.96e+00,-1.68e-01,
517,-6.88e+00,-1.84e-01,
518,-6.96e+00,-1.76e-01,
519,-6.80e+00,-1.88e-01,
520,-6.96e+00,-1.80e-01,
521,-6.80e+00,-1.92e-01,
522,-6.96e+00,-1.84e-01,
523,-6.88e+00,-1.96e-01,
524,-6.96e+00,-1.88e-01,
525,-6.80e+00,-1.96e-01,
526,-6.80e+00,-1.88e-01,
527,-6.96e+00,-2.00e-01,
528,-6.80e+00,-1.92e-01,
529,-6.88e+00,-2.00e-01,
530,-6.88e+00,-1.92e-01,
531,-6.72e+00,-2.00e-01,
532,-6.72e+00,-1.92e-01,
533,-6.88e+00,-2.00e-01,
534,-6.88e+00,-1.96e-01,
535,-6.72e+00,-1.88e-01,
536,-6.88e+00,-1.88e-01,
537,-6.72e+00,-1.96e-01,
538,-6.80e+00,-1.96e-01,
539,-6.72e+00,-1.84e-01,
540,-6.80e+00,-1.92e-01,
541,-6.72e+00,-1.84e-01,
542,-6.80e+00,-1.84e-01,
543,-6.64e+00,-1.92e-01,
544,-6.80e+00,-1.92e-01,
545,-6.64e+00,-1.84e-01,
546,-6.64e+00,-1.84e-01,
547,-6.80e+00,-1.92e-01,
548,-6.64e+00,-1.84e-01,
549,-6.80e+00,-1.92e-01,
550,-6.72e+00,-1.92e-01,
551,-6.56e+00,-1.84e-01,
552,-6.56e+00,-1.88e-01,
553,-6.72e+00,-1.96e-01,
554,-6.56e+00,-1.88e-01,
555,-6.72e+00,-2.00e-01,
556,-6.64e+00,-1.92e-01,
557,-6.56e+00,-2.00e-01,
558,-6.64e+00,-1.96e-01,
559,-6.48e+00,-2.04e-01,
560,-6.64e+00,-1.96e-01,
561,-6.48e+00,-2.04e-01,
562,-6.64e+00,-1.96e-01,
563,-6.48e+00,-2.04e-01,
564,-6.56e+00,-2.04e-01,
565,-6.48e+00,-1.96e-01,
566,-6.56e+00,-1.96e-01,
567,-6.40e+00,-2.04e-01,
568,-6.40e+00,-2.04e-01,
569,-6.56e+00,-1.92e-01,
570,-6.40e+00,-2.00e-01,
571,-6.56e+00,-1.88e-01,
572,-6.48e+00,-1.96e-01,
573,-6.40e+00,-1.84e-01,
574,-6.48e+00,-1.92e-01,
575,-6.32e+00,-1.80e-01,
576,-6.48e+00,-1.84e-01,
577,-6.32e+00,-1.72e-01,
578,-6.32e+00,-1.80e-01,
579,-6.40e+00,-1.64e-01,
580,-6.40e+00,-1.72e-01,
581,-6.24e+00,-1.56e-01,
582,-6.24e+00,-1.64e-01,
583,-6.40e+00,-1.52e-01,
584,-6.24e+00,-1.56e-01,
585,-6.40e+00,-1.44e-01,
586,-6.32e+00,-1.52e-01,
587,-6.16e+00,-1.40e-01,
588,-6.32e+00,-1.48e-01,
589,-6.16e+00,-1.36e-01,
590,-6.16e+00,-1.44e-01,
591,-6.32e+00,-1.32e-01,
592,-6.24e+00,-1.40e-01,
593,-6.16e+00,-1.28e-01,
594,-6.24e+00,-1.28e-01,
595,-6.08e+00,-1.36e-01,
596,-6.08e+00,-1.32e-01,
597,-6.24e+00,-1.24e-01,
598,-6.08e+00,-1.32e-01,
599,-6.16e+00,-1.20e-01,
600,-6.16e+00,-1.28e-01,
601,-6.00e+00,-1.16e-01,
602,-6.16e+00,-1.24e-01,
603,-6.00e+00,-1.12e-01,
604,-6.08e+00,-1.20e-01,
605,-5.92e+00,-1.08e-01,
606,-6.08e+00,-1.12e-01,
607,-5.92e+00,-9.60e-02,
608,-6.08e+00,-1.04e-01,
609,-5.92e+00,-9.20e-02,
610,-5.92e+00,-1.00e-01,
611,-6.00e+00,-8.40e-02,
612,-5.76e+00,-9.20e-02,
613,-6.00e+00,-8.00e-02,
614,-5.92e+00,-8.40e-02,
615,-5.76e+00,-7.20e-02,
616,-5.84e+00,-8.00e-02,
617,-5.76e+00,-6.40e-02,
618,-5.84e+00,-7.20e-02,
619,-5.68e+00,-6.00e-02,
620,-5.84e+00,-6.40e-02,
621,-5.68e+00,-5.60e-02,
622,-5.84e+00,-6.00e-02,
623,-5.68e+00,-4.80e-02,
624,-5.76e+00,-5.60e-02,
625,-5.60e+00,-4.40e-02,
626,-5.76e+00,-4.40e-02,
627,-5.60e+00,-5.20e-02,
628,-5.60e+00,-4.40e-02,
629,-5.76e+00,-5.20e-02,
630,-5.68e+00,-4.80e-02,
631,-5.60e+00,-4.00e-02,
632,-5.68e+00,-4.00e-02,
633,-5.52e+00,-4.80e-02,
634,-5.68e+00,-4.40e-02,
635,-5.52e+00,-5.20e-02,
636,-5.52e+00,-4.40e-02,
637,-5.60e+00,-5.20e-02,
638,-5.60e+00,-4.80e-02,
639,-5.52e+00,-5.60e-02,
640,-5.60e+00,-4.80e-02,
641,-5.44e+00,-5.60e-02,
642,-5.60e+00,-5.20e-02,
643,-5.44e+00,-6.00e-02,
644,-5.52e+00,-5.20e-02,
645,-5.44e+00,-6.00e-02,
646,-5.52e+00,-5.60e-02,
647,-5.36e+00,-6.40e-02,
648,-5.52e+00,-6.40e-02,
649,-5.36e+00,-5.60e-02,
650,-5.44e+00,-5.60e-02,
651,-5.36e+00,-6.40e-02,
652,-5.44e+00,-6.40e-02,
653,-5.28e+00,-5.60e-02,
654,-5.28e+00,-6.40e-02,
655,-5.44e+00,-5.60e-02,
656,-5.36e+00,-5.60e-02,
657,-5.20e+00,-6.40e-02,
658,-5.20e+00,-5.60e-02,
659,-5.36e+00,-6.40e-02,
660,-5.20e+00,-6.00e-02,
661,-5.28e+00,-6.80e-02,
662,-5.28e+00,-6.00e-02,
663,-5.12e+00,-6.80e-02,
664,-5.28e+00,-6.00e-02,
665,-5.12e+00,-7.20e-02,
666,-5.20e+00,-6.40e-02,
667,-5.04e+00,-7.60e-02,
668,-5.20e+00,-6.80e-02,
669,-5.04e+00,-8.00e-02,
670,-5.04e+00,-7.20e-02,
671,-5.20e+00,-8.40e-02,
672,-5.12e+00,-8.00e-02,
673,-4.96e+00,-9.20e-02,
674,-5.12e+00,-8.80e-02,
675,-4.96e+00,-1.00e-01,
676,-4.96e+00,-9.60e-02,
677,-5.04e+00,-1.08e-01,
678,-5.04e+00,-1.04e-01,
679,-4.88e+00,-1.16e-01,
680,-4.88e+00,-1.12e-01,
681,-5.04e+00,-1.28e-01,
682,-4.96e+00,-1.20e-01,
683,-4.80e+00,-1.36e-01,
684,-4.80e+00,-1.28e-01,
685,-4.96e+00,-1.40e-01,
686,-4.88e+00,-1.32e-01,
687,-4.72e+00,-1.48e-01,
688,-4.88e+00,-1.40e-01,
689,-4.72e+00,-1.52e-01,
690,-4.72e+00,-1.44e-01,
691,-4.88e+00,-1.56e-01,
692,-4.80e+00,-1.56e-01,
693,-4.64e+00,-1.48e-01,
694,-4.80e+00,-1.60e-01,
695,-4.64e+00,-1.52e-01,
696,-4.72e+00,-1.60e-01,
697,-4.56e+00,-1.52e-01,
698,-4.56e+00,-1.64e-01,
699,-4.72e+00,-1.56e-01,
700,-4.56e+00,-1.64e-01,
701,-4.64e+00,-1.56e-01,
702,-4.64e+00,-1.60e-01,
703,-4.48e+00,-1.68e-01,
704,-4.48e+00,-1.60e-01,
705,-4.64e+00,-1.68e-01,
706,-4.56e+00,-1.64e-01,
707,-4.40e+00,-1.72e-01,
708,-4.40e+00,-1.64e-01,
709,-4.56e+00,-1.76e-01,
710,-4.40e+00,-1.72e-01,
711,-4.48e+00,-1.84e-01,
712,-4.48e+00,-1.76e-01,
713,-4.32e+00,-1.88e-01,
714,-4.32e+00,-1.80e-01,
715,-4.48e+00,-1.92e-01,
716,-4.40e+00,-1.84e-01,
717,-4.24e+00,-1.96e-01,
718,-4.24e+00,-1.88e-01,
719,-4.40e+00,-1.96e-01,
720,-4.24e+00,-1.88e-01,
721,-4.32e+00,-1.96e-01,
722,-4.08e+00,-1.88e-01,
723,-4.32e+00,-2.00e-01,
724,-4.24e+00,-1.88e-01,
725,-4.08e+00,-1.96e-01,
726,-4.16e+00,-1.96e-01,
727,-4.00e+00,-1.84e-01,
728,-4.00e+00,-1.92e-01,
729,-4.16e+00,-1.80e-01,
730,-4.08e+00,-1.84e-01,
731,-3.92e+00,-1.72e-01,
732,-3.92e+00,-1.76e-01,
733,-4.08e+00,-1.60e-01,
734,-4.00e+00,-1.68e-01,
735,-3.92e+00,-1.52e-01,
736,-4.00e+00,-1.56e-01,
737,-3.84e+00,-1.40e-01,
738,-4.00e+00,-1.48e-01,
739,-3.84e+00,-1.32e-01,
740,-3.92e+00,-1.36e-01,
741,-3.76e+00,-1.20e-01,
742,-3.92e+00,-1.28e-01,
743,-3.76e+00,-1.12e-01,
744,-3.92e+00,-1.20e-01,
745,-3.68e+00,-1.00e-01,
746,-3.84e+00,-1.12e-01,
747,-3.68e+00,-9.20e-02,
748,-3.84e+00,-1.00e-01,
749,-3.60e+00,-8.80e-02,
750,-3.76e+00,-9.20e-02,
751,-3.60e+00,-8.40e-02,
752,-3.76e+00,-8.80e-02,
753,-3.60e+00,-8.00e-02,
754,-3.68e+00,-8.00e-02,
755,-3.52e+00,-8.80e-02,
756,-3.68e+00,-8.40e-02,
757,-3.52e+00,-7.60e-02,
758,-3.60e+00,-7.60e-02,
759,-3.44e+00,-8.40e-02,
760,-3.44e+00,-8.40e-02,
761,-3.60e+00,-7.60e-02,
762,-3.52e+00,-8.40e-02,
763,-3.36e+00,-7.60e-02,
764,-3.52e+00,-8.00e-02,
765,-3.36e+00,-7.20e-02,
766,-3.36e+00,-8.00e-02,
767,-3.52e+00,-6.80e-02,
768,-3.44e+00,-7.60e-02,
769,-3.28e+00,-6.80e-02,
770,-3.44e+00,-7.60e-02,
771,-3.28e+00,-6.40e-02,
772,-3.36e+00,-6.40e-02,
773,-3.20e+00,-7.20e-02,
774,-3.20e+00,-6.80e-02,
775,-3.36e+00,-6.00e-02,
776,-3.28e+00,-6.40e-02,
777,-3.12e+00,-5.60e-02,
778,-3.28e+00,-6.40e-02,
779,-3.12e+00,-5.60e-02,
780,-3.20e+00,-6.40e-02,
781,-3.04e+00,-5.20e-02,
782,-3.04e+00,-6.00e-02,
783,-3.20e+00,-5.20e-02,
784,-3.12e+00,-5.60e-02,
785,-2.96e+00,-6.40e-02,
786,-2.96e+00,-5.60e-02,
787,-3.12e+00,-6.80e-02,
788,-3.04e+00,-6.00e-02,
789,-2.88e+00,-7.20e-02,
790,-2.88e+00,-6.40e-02,
791,-3.04e+00,-7.60e-02,
792,-2.96e+00,-7.20e-02,
793,-2.80e+00,-8.40e-02,
794,-2.80e+00,-7.60e-02,
795,-2.96e+00,-9.20e-02,
796,-2.88e+00,-8.80e-02,
797,-2.72e+00,-1.00e-01,
798,-2.72e+00,-9.60e-02,
799,-2.88e+00,-1.12e-01,
800,-2.88e+00,-1.08e-01,
801,-2.64e+00,-1.20e-01,
802,-2.64e+00,-1.16e-01,
803,-2.80e+00,-1.28e-01,
804,-2.80e+00,-1.24e-01,
805,-2.64e+00,-1.36e-01,
806,-2.56e+00,-1.28e-01,
807,-2.72e+00,-1.40e-01,
808,-2.56e+00,-1.32e-01,
809,-2.72e+00,-1.48e-01,
810,-2.64e+00,-1.40e-01,
811,-2.40e+00,-1.52e-01,
812,-2.40e+00,-1.52e-01,
813,-2.64e+00,-1.44e-01,
814,-2.48e+00,-1.44e-01,
815,-2.32e+00,-1.56e-01,
816,-2.32e+00,-1.56e-01,
817,-2.48e+00,-1.48e-01,
818,-2.48e+00,-1.48e-01,
819,-2.24e+00,-1.60e-01,
820,-2.40e+00,-1.52e-01,
821,-2.24e+00,-1.60e-01,
822,-2.40e+00,-1.52e-01,
823,-2.16e+00,-1.64e-01,
824,-2.16e+00,-1.64e-01,
825,-2.32e+00,-1.56e-01,
826,-2.32e+00,-1.56e-01,
827,-2.08e+00,-1.68e-01,
828,-2.08e+00,-1.60e-01,
829,-2.24e+00,-1.72e-01,
830,-2.24e+00,-1.72e-01,
831,-2.08e+00,-1.64e-01,
832,-2.16e+00,-1.68e-01,
833,-2.00e+00,-1.80e-01,
834,-2.16e+00,-1.72e-01,
835,-2.00e+00,-1.84e-01,
836,-2.08e+00,-1.84e-01,
837,-1.84e+00,-1.76e-01,
838,-1.92e+00,-1.76e-01,
839,-2.08e+00,-1.84e-01,
840,-1.92e+00,-1.76e-01,
841,-2.00e+00,-1.84e-01,
842,-1.92e+00,-1.88e-01,
843,-2.08e+00,-1.76e-01,
844,-1.92e+00,-1.80e-01,
845,-2.08e+00,-1.88e-01,
846,-2.00e+00,-1.80e-01,
847,-1.92e+00,-1.88e-01,
848,-1.92e+00,-1.80e-01,
849,-2.00e+00,-1.88e-01,
850,-2.00e+00,-1.88e-01,
851,-1.92e+00,-1.80e-01,
852,-2.00e+00,-1.80e-01,
853,-1.92e+00,-1.88e-01,
854,-2.00e+00,-1.84e-01,
855,-1.92e+00,-1.76e-01,
856,-1.92e+00,-1.84e-01,
857,-2.00e+00,-1.76e-01,
858,-1.92e+00,-1.80e-01,
859,-2.08e+00,-1.72e-01,
860,-2.08e+00,-1.80e-01,
861,-1.92e+00,-1.68e-01,
862,-2.08e+00,-1.72e-01,
863,-1.92e+00,-1.64e-01,
864,-1.92e+00,-1.64e-01,
865,-2.08e+00,-1.72e-01,
866,-2.08e+00,-1.72e-01,
867,-1.92e+00,-1.64e-01,
868,-2.08e+00,-1.72e-01,
869,-1.92e+00,-1.64e-01,
870,-2.08e+00,-1.64e-01,
871,-1.92e+00,-1.72e-01,
872,-1.92e+00,-1.64e-01,
873,-2.08e+00,-1.80e-01,
874,-2.08e+00,-1.80e-01,
875,-1.92e+00,-1.68e-01,
876,-1.92e+00,-1.72e-01,
877,-2.08e+00,-1.84e-01,
878,-2.08e+00,-1.76e-01,
879,-1.92e+00,-1.84e-01,
880,-1.92e+00,-1.76e-01,
881,-2.00e+00,-1.88e-01,
882,-2.00e+00,-1.80e-01,
883,-1.92e+00,-1.88e-01,
884,-2.00e+00,-1.80e-01,
885,-1.92e+00,-1.88e-01,
886,-2.00e+00,-1.80e-01,
887,-1.92e+00,-1.88e-01,
888,-2.00e+00,-1.80e-01,
889,-1.92e+00,-1.88e-01,
890,-1.92e+00,-1.80e-01,
891,-2.00e+00,-1.88e-01,
892,-2.00e+00,-1.88e-01,
893,-1.92e+00,-1.76e-01,
894,-2.00e+00,-1.84e-01,
895,-1.92e+00,-1.72e-01,
896,-1.92e+00,-1.80e-01,
897,-2.00e+00,-1.68e-01,
898,-1.92e+00,-1.80e-01,
899,-2.08e+00,-1.64e-01,
900,-2.08e+00,-1.72e-01,
901,-1.92e+00,-1.60e-01,
902,-2.08e+00,-1.68e-01,
903,-1.92e+00,-1.60e-01,
904,-1.92e+00,-1.68e-01,
905,-2.08e+00,-1.60e-01,
906,-1.92e+00,-1.60e-01,
907,-2.08e+00,-1.68e-01,
908,-2.08e+00,-1.68e-01,
909,-1.92e+00,-1.60e-01,
910,-2.08e+00,-1.64e-01,
911,-1.92e+00,-1.72e-01,
912,-2.08e+00,-1.64e-01,
913,-1.92e+00,-1.80e-01,
914,-2.08e+00,-1.68e-01,
915,-1.92e+00,-1.84e-01,
916,-2.08e+00,-1.76e-01,
917,-1.92e+00,-1.88e-01,
918,-1.92e+00,-1.80e-01,
919,-2.08e+00,-1.88e-01,
920,-1.92e+00,-1.84e-01,
921,-2.00e+00,-1.92e-01,
922,-1.92e+00,-1.84e-01,
923,-2.00e+00,-1.96e-01,
924,-2.00e+00,-1.88e-01,
925,-1.92e+00,-1.96e-01,
926,-2.00e+00,-1.96e-01,
927,-1.92e+00,-1.88e-01,
928,-2.00e+00,-1.92e-01,
929,-1.92e+00,-1.84e-01,
930,-1.92e+00,-1.84e-01,
931,-2.00e+00,-1.92e-01,
932,-1.92e+00,-1.92e-01,
933,-2.00e+00,-1.80e-01,
934,-2.00e+00,-1.80e-01,
935,-1.92e+00,-1.88e-01,
936,-2.00e+00,-1.84e-01,
937,-1.92e+00,-1.76e-01,
938,-1.92e+00,-1.84e-01,
939,-2.08e+00,-1.72e-01,
940,-2.08e+00,-1.76e-01,
941,-1.92e+00,-1.68e-01,
942,-1.92e+00,-1.64e-01,
943,-2.08e+00,-1.72e-01,
944,-2.08e+00,-1.72e-01,
945,-1.92e+00,-1.64e-01,
946,-2.08e+00,-1.72e-01,
947,-1.92e+00,-1.64e-01,
948,-1.92e+00,-1.72e-01,
949,-2.08e+00,-1.64e-01,
950,-2.08e+00,-1.72e-01,
951,-1.92e+00,-1.64e-01,
952,-2.08e+00,-1.64e-01,
953,-1.92e+00,-1.72e-01,
954,-2.08e+00,-1.80e-01,
955,-1.92e+00,-1.68e-01,
956,-2.08e+00,-1.72e-01,
957,-1.92e+00,-1.84e-01,
958,-2.08e+00,-1.76e-01,
959,-1.92e+00,-1.84e-01,
960,-2.00e+00,-1.76e-01,
961,-1.92e+00,-1.88e-01,
962,-2.00e+00,-1.80e-01,
963,-1.92e+00,-1.88e-01,
964,-2.00e+00,-1.88e-01,
965,-1.92e+00,-1.80e-01,
966,-1.92e+00,-1.80e-01,
967,-2.00e+00,-1.88e-01,
968,-2.00e+00,-1.88e-01,
969,-1.92e+00,-1.80e-01,
970,-1.92e+00,-1.80e-01,
971,-2.00e+00,-1.88e-01,
972,-2.00e+00,-1.88e-01,
973,-1.92e+00,-1.76e-01,
974,-1.92e+00,-1.76e-01,
975,-2.00e+00,-1.84e-01,
976,-2.00e+00,-1.84e-01,
977,-1.92e+00,-1.72e-01,
978,-1.92e+00,-1.80e-01,
979,-2.08e+00,-1.68e-01,
980,-2.08e+00,-1.80e-01,
981,-1.92e+00,-1.68e-01,
982,-2.08e+00,-1.72e-01,
983,-1.92e+00,-1.64e-01,
984,-2.08e+00,-1.64e-01,
985,-1.92e+00,-1.72e-01,
986,-2.08e+00,-1.72e-01,
987,-1.92e+00,-1.64e-01,
988,-2.08e+00,-1.64e-01,
989,-1.92e+00,-1.72e-01,
990,-2.08e+00,-1.68e-01,
991,-1.92e+00,-1.72e-01,
992,-1.92e+00,-1.72e-01,
993,-2.08e+00,-1.64e-01,
994,-2.08e+00,-1.64e-01,
995,-1.92e+00,-1.72e-01,
996,-2.08e+00,-1.80e-01,
997,-1.92e+00,-1.68e-01,
998,-2.08e+00,-1.68e-01,
999,-1.92e+00,-1.80e-01,
1000,-2.00e+00,-1.72e-01,
1001,-1.92e+00,-1.80e-01,
1002,-2.00e+00,-1.76e-01,
1003,-1.92e+00,-1.84e-01,
1004,-2.00e+00,-1.76e-01,
1005,-1.92e+00,-1.84e-01,
1006,-2.00e+00,-1.76e-01,
1007,-1.92e+00,-1.84e-01,
1008,-2.00e+00,-1.76e-01,
1009,-1.92e+00,-1.84e-01,
1010,-2.00e+00,-1.76e-01,
1011,-1.92e+00,-1.80e-01,
1012,-1.92e+00,-1.80e-01,
1013,-2.00e+00,-1.72e-01,
1014,-2.00e+00,-1.68e-01,
1015,-1.92e+00,-1.80e-01,
1016,-1.92e+00,-1.68e-01,
1017,-2.00e+00,-1.80e-01,
1018,-1.92e+00,-1.72e-01,
1019,-2.08e+00,-1.64e-01,
1020,-1.92e+00,-1.64e-01,
1021,-2.08e+00,-1.72e-01,
1022,-2.08e+00,-1.72e-01,
1023,-1.92e+00,-1.64e-01,
1024,-2.08e+00,-1.68e-01,
1025,-1.92e+00,-1.64e-01,
1026,-1.92e+00,-1.68e-01,
1027,-2.08e+00,-1.64e-01,
1028,-1.92e+00,-1.68e-01,
1029,-2.08e+00,-1.60e-01,
1030,-2.08e+00,-1.68e-01,
1031,-1.92e+00,-1.60e-01,
1032,-1.92e+00,-1.68e-01,
1033,-2.08e+00,-1.64e-01,
1034,-2.08e+00,-1.64e-01,
1035,-1.92e+00,-1.72e-01,
1036,-1.92e+00,-1.72e-01,
1037,-2.08e+00,-1.64e-01,
1038,-2.08e+00,-1.64e-01,
1039,-1.92e+00,-1.72e-01,
1040,-2.00e+00,-1.68e-01,
1041,-1.92e+00,-1.72e-01,
1042,-2.00e+00,-1.80e-01,
1043,-1.92e+00,-1.68e-01,
1044,-2.00e+00,-1.72e-01,
1045,-1.92e+00,-1.80e-01,
1046,-2.00e+00,-1.68e-01,
1047,-1.92e+00,-1.80e-01,
1048,-2.00e+00,-1.80e-01,
1049,-1.92e+00,-1.68e-01,
1050,-2.00e+00,-1.80e-01,
1051,-1.92e+00,-1.68e-01,
1052,-2.00e+00,-1.72e-01,
1053,-1.92e+00,-1.68e-01,
1054,-2.00e+00,-1.72e-01,
1055,-1.92e+00,-1.64e-01,
1056,-1.92e+00,-1.72e-01,
1057,-2.00e+00,-1.64e-01,
1058,-1.92e+00,-1.72e-01,
1059,-2.08e+00,-1.64e-01,
1060,-2.08e+00,-1.72e-01,
1061,-1.92e+00,-1.64e-01,
1062,-1.92e+00,-1.68e-01,
1063,-2.08e+00,-1.64e-01,
1064,-1.92e+00,-1.60e-01,
1065,-2.08e+00,-1.68e-01,
1066,-1.92e+00,-1.68e-01,
1067,-2.08e+00,-1.60e-01,
1068,-2.08e+00,-1.60e-01,
1069,-1.92e+00,-1.68e-01,
1070,-2.08e+00,-1.60e-01,
1071,-1.92e+00,-1.68e-01,
1072,-2.08e+00,-1.68e-01,
1073,-1.92e+00,-1.64e-01,
1074,-1.92e+00,-1.64e-01,
1075,-2.08e+00,-1.72e-01,
1076,-2.08e+00,-1.72e-01,
1077,-1.92e+00,-1.64e-01,
1078,-1.92e+00,-1.64e-01,
1079,-2.08e+00,-1.72e-01,
1080,-2.00e+00,-1.68e-01,
1081,-1.92e+00,-1.72e-01,
1082,-1.92e+00,-1.72e-01,
1083,-2.00e+00,-1.68e-01,
1084,-2.00e+00,-1.76e-01,
1085,-1.92e+00,-1.68e-01,
1086,-2.00e+00,-1.76e-01,
1087,-1.92e+00,-1.72e-01,
1088,-1.92e+00,-1.76e-01,
1089,-2.00e+00,-1.68e-01,
1090,-2.00e+00,-1.80e-01,
1091,-1.92e+00,-1.68e-01,
1092,-1.92e+00,-1.72e-01,
1093,-2.00e+00,-1.68e-01,
1094,-1.92e+00,-1.72e-01,
1095,-2.00e+00,-1.64e-01,
1096,-1.92e+00,-1.72e-01,
1097,-2.00e+00,-1.64e-01,
1098,-1.92e+00,-1.72e-01,
1099,-2.08e+00,-1.64e-01,
1100,-1.92e+00,-1.68e-01,
1101,-2.08e+00,-1.60e-01,
1102,-2.08e+00,-1.68e-01,
1103,-1.92e+00,-1.60e-01,
1104,-2.08e+00,-1.68e-01,
1105,-1.92e+00,-1.60e-01,
1106,-1.92e+00,-1.60e-01,
1107,-2.08e+00,-1.68e-01,
1108,-2.08e+00,-1.60e-01,
1109,-1.92e+00,-1.68e-01,
1110,-1.92e+00,-1.60e-01,
1111,-2.08e+00,-1.68e-01,
1112,-2.08e+00,-1.64e-01,
1113,-1.92e+00,-1.68e-01,
1114,-2.08e+00,-1.72e-01,
1115,-1.92e+00,-1.64e-01,
1116,-2.08e+00,-1.72e-01,
1117,-1.92e+00,-1.64e-01,
1118,-2.08e+00,-1.68e-01,
1119,-1.92e+00,-1.72e-01,
1120,-1.92e+00,-1.68e-01,
1121,-2.00e+00,-1.80e-01,
1122,-2.00e+00,-1.80e-01,
1123,-1.92e+00,-1.68e-01,
1124,-2.00e+00,-1.80e-01,
1125,-1.92e+00,-1.68e-01,
1126,-2.00e+00,-1.80e-01,
1127,-1.92e+00,-1.68e-01,
1128,-1.92e+00,-1.80e-01,
1129,-2.00e+00,-1.72e-01,
1130,-2.00e+00,-1.80e-01,
1131,-1.92e+00,-1.68e-01,
1132,-1.92e+00,-1.72e-01,
1133,-2.00e+00,-1.80e-01,
1134,-2.00e+00,-1.80e-01,
1135,-1.92e+00,-1.68e-01,
1136,-2.00e+00,-1.72e-01,
1137,-1.92e+00,-1.64e-01,
1138,-1.92e+00,-1.72e-01,
1139,-2.08e+00,-1.64e-01,
1140,-1.92e+00,-1.72e-01,
1141,-2.08e+00,-1.64e-01,
1142,-1.92e+00,-1.68e-01,
1143,-2.08e+00,-1.60e-01,
1144,-2.08e+00,-1.68e-01,
1145,-1.92e+00,-1.60e-01,
1146,-2.08e+00,-1.60e-01,
1147,-1.92e+00,-1.68e-01,
1148,-2.08e+00,-1.60e-01,
1149,-1.92e+00,-1.68e-01,
1150,-1.92e+00,-1.68e-01,
1151,-2.08e+00,-1.60e-01,
1152,-1.92e+00,-1.60e-01,
1153,-2.08e+00,-1.72e-01,
1154,-1.92e+00,-1.64e-01,
1155,-2.08e+00,-1.72e-01,
1156,-1.92e+00,-1.72e-01,
1157,-2.08e+00,-1.64e-01,
1158,-1.92e+00,-1.68e-01,
1159,-2.08e+00,-1.80e-01,
1160,-2.00e+00,-1.72e-01,
1161,-1.92e+00,-1.76e-01,
1162,-2.00e+00,-1.76e-01,
1163,-1.92e+00,-1.84e-01,
1164,-1.92e+00,-1.76e-01,
1165,-2.00e+00,-1.84e-01,
1166,-1.92e+00,-1.76e-01,
1167,-2.00e+00,-1.84e-01,
1168,-1.92e+00,-1.76e-01,
1169,-2.00e+00,-1.84e-01,
1170,-2.00e+00,-1.76e-01,
1171,-1.92e+00,-1.84e-01,
1172,-2.00e+00,-1.80e-01,
1173,-1.92e+00,-1.72e-01,
1174,-2.00e+00,-1.80e-01,
1175,-1.92e+00,-1.68e-01,
1176,-1.92e+00,-1.80e-01,
1177,-2.00e+00,-1.64e-01,
1178,-1.92e+00,-1.72e-01,
1179,-2.08e+00,-1.64e-01,
1180,-2.08e+00,-1.64e-01,
1181,-1.92e+00,-1.72e-01,
1182,-2.08e+00,-1.68e-01,
1183,-1.92e+00,-1.60e-01,
1184,-1.92e+00,-1.60e-01,
1185,-2.08e+00,-1.68e-01,
1186,-2.08e+00,-1.60e-01,
1187,-1.92e+00,-1.68e-01,
1188,-2.08e+00,-1.68e-01,
1189,-1.92e+00,-1.60e-01,
1190,-2.08e+00,-1.68e-01,
1191,-1.92e+00,-1.64e-01,
1192,-1.92e+00,-1.64e-01,
1193,-2.08e+00,-1.72e-01,
1194,-2.08e+00,-1.64e-01,
1195,-1.92e+00,-1.72e-01,
1196,-2.08e+00,-1.72e-01,
1197,-1.92e+00,-1.80e-01,
1198,-2.08e+00,-1.68e-01,
1199,-1.92e+00,-1.80e-01,
